,user_id,app_open_prob
0,robas+113@developers.pg.com,0.8444444444444444
1,robas+27@developers.pg.com,0.9772727272727273
2,robas+58@developers.pg.com,0.2702702702702703
3,robas+60@developers.pg.com,0.7272727272727273
4,robas+64@developers.pg.com,0.9428571428571428
5,robas+67@developers.pg.com,0.5675675675675675
6,robas+111@developers.pg.com,0.8181818181818182
7,robas+110@developers.pg.com,0.9722222222222222
8,robas+112@developers.pg.com,0.3333333333333333
